[{"title":"Blonde - Frank Ocean","artist":"Frank Ocean","image":"https:\/\/is5-ssl.mzstatic.com\/image\/thumb\/Music22\/v4\/08\/e1\/da\/08e1dab2-375d-5491-83c1-77754dc2eb37\/BlondCover-Final.jpg\/100x100bb-85.jpg"},{"title":"i think you think too much of me - EDEN","artist":"EDEN","image":"https:\/\/is4-ssl.mzstatic.com\/image\/thumb\/Music18\/v4\/90\/b7\/51\/90b7516e-5ceb-bcd9-2929-2915e940e4c4\/UMG_cvrart_00602547998798_01_RGB72_1800x1800_16UMGIM34429.jpg\/100x100bb-85.jpg"},{"title":"Brave Enough - Lindsey Stirling","artist":"Lindsey Stirling","image":"https:\/\/is1-ssl.mzstatic.com\/image\/thumb\/Music30\/v4\/55\/6d\/38\/556d3872-aef6-9a03-d823-1321dcca8c80\/762184742625_cover.jpg\/100x100bb-85.jpg"},{"title":"Spark - Drake White","artist":"Drake White","image":"https:\/\/is3-ssl.mzstatic.com\/image\/thumb\/Music20\/v4\/9d\/12\/70\/9d1270d1-46ff-d8bc-1cf6-9b9776093dfc\/UMG_cvrart_00602557002034_01_RGB72_1800x1800_16UMGIM36250.jpg\/100x100bb-85.jpg"},{"title":"All Night Party - Casey Donahew","artist":"Casey Donahew","image":"https:\/\/is4-ssl.mzstatic.com\/image\/thumb\/Music20\/v4\/22\/f0\/be\/22f0be8c-9842-02c2-f343-93dea4303e7d\/886445982367.jpg\/100x100bb-85.jpg"},{"title":"I Told You - Tory Lanez","artist":"Tory Lanez","image":"https:\/\/is5-ssl.mzstatic.com\/image\/thumb\/Music18\/v4\/25\/d1\/8b\/25d18b63-48d7-5829-af1a-4bfc89d8db04\/UMG_cvrart_00602557045970_01_RGB72_1800x1800_16UMGIM54976.jpg\/100x100bb-85.jpg"},{"title":"x Infinity - Watsky","artist":"Watsky","image":"https:\/\/is5-ssl.mzstatic.com\/image\/thumb\/Music18\/v4\/8e\/2e\/88\/8e2e889e-94a1-4068-6724-ac2de4ad113d\/888915251409_cover.jpg\/100x100bb-85.jpg"},{"title":"Pure & Simple - Dolly Parton","artist":"Dolly Parton","image":"https:\/\/is2-ssl.mzstatic.com\/image\/thumb\/Music30\/v4\/1c\/00\/17\/1c001758-de7f-bd7e-0fb8-db4a49e326ec\/886445955408.jpg\/100x100bb-85.jpg"},{"title":"Kinda Don't Care (Deluxe Version) - Justin Moore","artist":"Justin Moore","image":"https:\/\/is1-ssl.mzstatic.com\/image\/thumb\/Music30\/v4\/31\/e5\/4a\/31e54a65-2af5-941b-6cca-d8d008d81397\/UMG_cvrart_00843930025534_01_RGB72_1800x1800_16UMDIM00262.jpg\/100x100bb-85.jpg"},{"title":"Home of the Strange - Young the Giant","artist":"Young the Giant","image":"https:\/\/is4-ssl.mzstatic.com\/image\/thumb\/Music20\/v4\/81\/a4\/33\/81a433bf-92a6-c0ae-c5c8-449caa6f3370\/075679911964.jpg\/100x100bb-85.jpg"}]